Distance,2.174729,3012,1385
"System.MissingFieldException",5
"System.MissingMethodException",5
"System.Security.AccessControl.FileSecurity",5
"System.Security.AccessControl.DirectorySecurity",5
"System.Security.Permissions.IsolatedStorageFilePermissionAttribute",5
"Microsoft.Win32.SafeHandles.SafeFileHandle",4
"Microsoft.Win32.SafeHandles.SafeRegistryHandle",4
"Microsoft.Win32.SafeHandles.SafeWaitHandle",4
"System.ArgumentNullException",4
"System.ArgumentOutOfRangeException",4
"System.DivideByZeroException",4
"System.DuplicateWaitObjectException",4
"System.EntryPointNotFoundException",4
"System.DllNotFoundException",4
"System.FieldAccessException",4
"System.InsufficientMemoryException",4
"System.MethodAccessException",4
"System.MissingMemberException",4
"System.NotFiniteNumberException",4
"System.ObjectDisposedException",4
"System.OverflowException",4
"System.PlatformNotSupportedException",4
"System.TypeAccessException",4
"System.IO.DirectoryNotFoundException",4
"System.IO.DriveNotFoundException",4
"System.IO.EndOfStreamException",4
"System.IO.FileLoadException",4
"System.IO.FileNotFoundException",4
"System.IO.PathTooLongException",4
"System.IO.IsolatedStorage.IsolatedStorageFileStream",4
"System.Security.AccessControl.CommonAce",4
"System.Security.AccessControl.ObjectAce",4
"System.Security.AccessControl.CryptoKeySecurity",4
"System.Security.AccessControl.EventWaitHandleSecurity",4
"System.Security.AccessControl.FileSystemSecurity",4
"System.Security.AccessControl.MutexSecurity",4
"System.Security.AccessControl.ObjectSecurity<T>",4
"System.Security.AccessControl.PrivilegeNotHeldException",4
"System.Security.AccessControl.RegistrySecurity",4
"System.Security.Cryptography.CryptographicUnexpectedOperationException",4
"System.Security.Cryptography.HMACMD5",4
"System.Security.Cryptography.HMACRIPEMD160",4
"System.Security.Cryptography.HMACSHA1",4
"System.Security.Cryptography.HMACSHA256",4
"System.Security.Cryptography.HMACSHA384",4
"System.Security.Cryptography.HMACSHA512",4
"System.Security.Permissions.HostProtectionAttribute",4
"System.Security.Permissions.EnvironmentPermissionAttribute",4
"System.Security.Permissions.FileDialogPermissionAttribute",4
"System.Security.Permissions.FileIOPermissionAttribute",4
"System.Security.Permissions.KeyContainerPermissionAttribute",4
"System.Security.Permissions.PrincipalPermissionAttribute",4
"System.Security.Permissions.ReflectionPermissionAttribute",4
"System.Security.Permissions.RegistryPermissionAttribute",4
"System.Security.Permissions.SecurityPermissionAttribute",4
"System.Security.Permissions.UIPermissionAttribute",4
"System.Security.Permissions.ZoneIdentityPermissionAttribute",4
"System.Security.Permissions.StrongNameIdentityPermissionAttribute",4
"System.Security.Permissions.SiteIdentityPermissionAttribute",4
"System.Security.Permissions.UrlIdentityPermissionAttribute",4
"System.Security.Permissions.PublisherIdentityPermissionAttribute",4
"System.Security.Permissions.IsolatedStoragePermissionAttribute",4
"System.Security.Permissions.PermissionSetAttribute",4
"System.Security.Permissions.GacIdentityPermissionAttribute",4
"System.Globalization.CultureNotFoundException",4
"System.Threading.AutoResetEvent",4
"System.Threading.ManualResetEvent",4
"System.Threading.Tasks.TaskCanceledException",4
"System.Reflection.CustomAttributeFormatException",4
"System.Reflection.TypeDelegator",4
"System.Reflection.Emit.ConstructorBuilder",4
"System.Reflection.Emit.DynamicMethod",4
"System.Reflection.Emit.MethodBuilder",4
"System.Reflection.Emit.TypeBuilder",4
"System.Reflection.Emit.GenericTypeParameterBuilder",4
"System.Reflection.Emit.EnumBuilder",4
"System.Runtime.Remoting.RemotingTimeoutException",4
"System.Runtime.InteropServices.COMException",4
"System.Runtime.InteropServices.SEHException",4
"System.Runtime.InteropServices.SafeBuffer",4
"System.Text.DecoderFallbackException",4
"System.Text.EncoderFallbackException",4
"Microsoft.Win32.RegistryHive",3
"Microsoft.Win32.RegistryValueOptions",3
"Microsoft.Win32.RegistryKeyPermissionCheck",3
"Microsoft.Win32.RegistryOptions",3
"Microsoft.Win32.RegistryValueKind",3
"Microsoft.Win32.RegistryView",3
"Microsoft.Win32.SafeHandles.SafeHandleZeroOrMinusOneIsInvalid",3
"Microsoft.Win32.SafeHandles.SafeHandleMinusOneIsInvalid",3
"Microsoft.Win32.SafeHandles.CriticalHandleZeroOrMinusOneIsInvalid",3
"Microsoft.Win32.SafeHandles.CriticalHandleMinusOneIsInvalid",3
"Microsoft.Win32.SafeHandles.SafeAccessTokenHandle",3
"System.Action<T>",3
"System.Action",3
"System.Action<T1, T2>",3
"System.Action<T1, T2, T3>",3
"System.Action<T1, T2, T3, T4>",3
"System.Func<TResult>",3
"System.Func<T, TResult>",3
"System.Func<T1, T2, TResult>",3
"System.Func<T1, T2, T3, TResult>",3
"System.Func<T1, T2, T3, T4, TResult>",3
"System.Action<T1, T2, T3, T4, T5>",3
"System.Action<T1, T2, T3, T4, T5, T6>",3
"System.Action<T1, T2, T3, T4, T5, T6, T7>",3
"System.Action<T1, T2, T3, T4, T5, T6, T7, T8>",3
"System.Func<T1, T2, T3, T4, T5, TResult>",3
"System.Func<T1, T2, T3, T4, T5, T6, TResult>",3
"System.Func<T1, T2, T3, T4, T5, T6, T7, TResult>",3
"System.Func<T1, T2, T3, T4, T5, T6, T7, T8, TResult>",3
"System.Comparison<T>",3
"System.Converter<TInput, TOutput>",3
"System.Predicate<T>",3
"System.StringSplitOptions",3
"System.StringComparison",3
"System.DateTimeKind",3
"System.OutOfMemoryException",3
"System.StackOverflowException",3
"System.DataMisalignedException",3
"System.ExecutionEngineException",3
"System.MemberAccessException",3
"System.AccessViolationException",3
"System.ResolveEventHandler",3
"System.AssemblyLoadEventHandler",3
"System.AppDomainInitializer",3
"System.CrossAppDomainDelegate",3
"System.AppDomainManagerInitializationOptions",3
"System.LoaderOptimization",3
"System.AppDomainUnloadedException",3
"System.ArgumentException",3
"System.ArithmeticException",3
"System.ArrayTypeMismatchException",3
"System.AsyncCallback",3
"System.AttributeTargets",3
"System.BadImageFormatException",3
"System.CannotUnloadAppDomainException",3
"System.TypeUnloadedException",3
"System.ConsoleCancelEventHandler",3
"System.ConsoleColor",3
"System.ConsoleKey",3
"System.ConsoleModifiers",3
"System.ConsoleSpecialKey",3
"System.ContextMarshalException",3
"System.Base64FormattingOptions",3
"System.DayOfWeek",3
"System.EnvironmentVariableTarget",3
"System.EventHandler",3
"System.EventHandler<TEventArgs>",3
"System.FormatException",3
"System.GCCollectionMode",3
"System.GCNotificationStatus",3
"System.IndexOutOfRangeException",3
"System.InsufficientExecutionStackException",3
"System.InvalidCastException",3
"System.InvalidOperationException",3
"System.InvalidProgramException",3
"System.MidpointRounding",3
"System.MulticastNotSupportedException",3
"System.NotImplementedException",3
"System.NotSupportedException",3
"System.NullReferenceException",3
"System.OperationCanceledException",3
"System.PlatformID",3
"System.RankException",3
"System.TimeoutException",3
"System.TypeCode",3
"System.TypeInitializationException",3
"System.TypeLoadException",3
"System.UnauthorizedAccessException",3
"System.UnhandledExceptionEventHandler",3
"System.Configuration.Assemblies.AssemblyHashAlgorithm",3
"System.Configuration.Assemblies.AssemblyVersionCompatibility",3
"System.IO.BufferedStream",3
"System.IO.DirectoryInfo",3
"System.IO.SearchOption",3
"System.IO.DriveType",3
"System.IO.FileAccess",3
"System.IO.FileInfo",3
"System.IO.FileMode",3
"System.IO.FileOptions",3
"System.IO.FileShare",3
"System.IO.FileStream",3
"System.IO.FileAttributes",3
"System.IO.IOException",3
"System.IO.MemoryStream",3
"System.IO.SeekOrigin",3
"System.IO.StreamReader",3
"System.IO.StreamWriter",3
"System.IO.StringReader",3
"System.IO.StringWriter",3
"System.IO.UnmanagedMemoryStream",3
"System.IO.IsolatedStorage.IsolatedStorageScope",3
"System.IO.IsolatedStorage.IsolatedStorageSecurityOptions",3
"System.IO.IsolatedStorage.IsolatedStorageFile",3
"System.Security.XmlSyntaxException",3
"System.Security.PartialTrustVisibilityLevel",3
"System.Security.SecurityCriticalScope",3
"System.Security.SecurityRuleSet",3
"System.Security.HostSecurityManagerOptions",3
"System.Security.SecurityContextSource",3
"System.Security.SecurityException",3
"System.Security.HostProtectionException",3
"System.Security.PolicyLevelType",3
"System.Security.SecurityZone",3
"System.Security.VerificationException",3
"System.Security.AccessControl.InheritanceFlags",3
"System.Security.AccessControl.PropagationFlags",3
"System.Security.AccessControl.AuditFlags",3
"System.Security.AccessControl.SecurityInfos",3
"System.Security.AccessControl.ResourceType",3
"System.Security.AccessControl.AccessControlSections",3
"System.Security.AccessControl.AccessControlActions",3
"System.Security.AccessControl.AceType",3
"System.Security.AccessControl.AceFlags",3
"System.Security.AccessControl.CompoundAceType",3
"System.Security.AccessControl.CompoundAce",3
"System.Security.AccessControl.AceQualifier",3
"System.Security.AccessControl.QualifiedAce",3
"System.Security.AccessControl.ObjectAceFlags",3
"System.Security.AccessControl.SystemAcl",3
"System.Security.AccessControl.DiscretionaryAcl",3
"System.Security.AccessControl.CryptoKeyRights",3
"System.Security.AccessControl.CryptoKeyAccessRule",3
"System.Security.AccessControl.CryptoKeyAuditRule",3
"System.Security.AccessControl.EventWaitHandleRights",3
"System.Security.AccessControl.EventWaitHandleAccessRule",3
"System.Security.AccessControl.EventWaitHandleAuditRule",3
"System.Security.AccessControl.FileSystemRights",3
"System.Security.AccessControl.FileSystemAccessRule",3
"System.Security.AccessControl.FileSystemAuditRule",3
"System.Security.AccessControl.MutexRights",3
"System.Security.AccessControl.MutexAccessRule",3
"System.Security.AccessControl.MutexAuditRule",3
"System.Security.AccessControl.NativeObjectSecurity",3
"System.Security.AccessControl.AccessControlModification",3
"System.Security.AccessControl.AccessRule<T>",3
"System.Security.AccessControl.AuditRule<T>",3
"System.Security.AccessControl.RegistryRights",3
"System.Security.AccessControl.RegistryAccessRule",3
"System.Security.AccessControl.RegistryAuditRule",3
"System.Security.AccessControl.AccessControlType",3
"System.Security.AccessControl.ObjectAccessRule",3
"System.Security.AccessControl.ObjectAuditRule",3
"System.Security.AccessControl.ControlFlags",3
"System.Security.Cryptography.CipherMode",3
"System.Security.Cryptography.PaddingMode",3
"System.Security.Cryptography.CryptographicException",3
"System.Security.Cryptography.FromBase64TransformMode",3
"System.Security.Cryptography.CspProviderFlags",3
"System.Security.Cryptography.CryptoStreamMode",3
"System.Security.Cryptography.CryptoStream",3
"System.Security.Cryptography.DESCryptoServiceProvider",3
"System.Security.Cryptography.DSACryptoServiceProvider",3
"System.Security.Cryptography.HMAC",3
"System.Security.Cryptography.KeyNumber",3
"System.Security.Cryptography.MACTripleDES",3
"System.Security.Cryptography.MD5CryptoServiceProvider",3
"System.Security.Cryptography.RC2CryptoServiceProvider",3
"System.Security.Cryptography.RIPEMD160Managed",3
"System.Security.Cryptography.RSASignaturePaddingMode",3
"System.Security.Cryptography.RSACryptoServiceProvider",3
"System.Security.Cryptography.RSAEncryptionPaddingMode",3
"System.Security.Cryptography.RijndaelManaged",3
"System.Security.Cryptography.SHA1CryptoServiceProvider",3
"System.Security.Cryptography.SHA1Managed",3
"System.Security.Cryptography.SHA256Managed",3
"System.Security.Cryptography.SHA384Managed",3
"System.Security.Cryptography.SHA512Managed",3
"System.Security.Cryptography.TripleDESCryptoServiceProvider",3
"System.Security.Cryptography.X509Certificates.X509ContentType",3
"System.Security.Cryptography.X509Certificates.X509KeyStorageFlags",3
"System.Security.Permissions.EnvironmentPermissionAccess",3
"System.Security.Permissions.FileDialogPermissionAccess",3
"System.Security.Permissions.FileIOPermissionAccess",3
"System.Security.Permissions.HostProtectionResource",3
"System.Security.Permissions.IsolatedStorageContainment",3
"System.Security.Permissions.IsolatedStorageFilePermission",3
"System.Security.Permissions.PermissionState",3
"System.Security.Permissions.SecurityAction",3
"System.Security.Permissions.CodeAccessSecurityAttribute",3
"System.Security.Permissions.ReflectionPermissionFlag",3
"System.Security.Permissions.SecurityPermissionFlag",3
"System.Security.Permissions.UIPermissionWindow",3
"System.Security.Permissions.UIPermissionClipboard",3
"System.Security.Permissions.KeyContainerPermissionFlags",3
"System.Security.Permissions.RegistryPermissionAccess",3
"System.Security.Principal.PrincipalPolicy",3
"System.Security.Principal.TokenAccessLevels",3
"System.Security.Principal.TokenImpersonationLevel",3
"System.Security.Principal.WindowsAccountType",3
"System.Security.Principal.WindowsBuiltInRole",3
"System.Security.Principal.WellKnownSidType",3
"System.Security.Principal.IdentityNotMappedException",3
"System.Security.Policy.ApplicationVersionMatch",3
"System.Security.Policy.TrustManagerUIContext",3
"System.Security.Policy.PolicyException",3
"System.Security.Policy.PolicyStatementAttribute",3
"System.Resources.MissingManifestResourceException",3
"System.Resources.MissingSatelliteAssemblyException",3
"System.Resources.UltimateResourceFallbackLocation",3
"System.Globalization.CalendarAlgorithmType",3
"System.Globalization.CalendarWeekRule",3
"System.Globalization.CompareOptions",3
"System.Globalization.CultureTypes",3
"System.Globalization.DateTimeStyles",3
"System.Globalization.DigitShapes",3
"System.Globalization.GregorianCalendarTypes",3
"System.Globalization.ChineseLunisolarCalendar",3
"System.Globalization.JapaneseLunisolarCalendar",3
"System.Globalization.KoreanLunisolarCalendar",3
"System.Globalization.TaiwanLunisolarCalendar",3
"System.Globalization.TimeSpanStyles",3
"System.Globalization.NumberStyles",3
"System.Globalization.UnicodeCategory",3
"System.Diagnostics.DebuggerBrowsableState",3
"System.Diagnostics.SymbolStore.SymAddressKind",3
"System.Diagnostics.Contracts.ContractFailureKind",3
"System.Diagnostics.Tracing.EventActivityOptions",3
"System.Diagnostics.Tracing.EventSourceSettings",3
"System.Diagnostics.Tracing.EventCommand",3
"System.Diagnostics.Tracing.EventManifestOptions",3
"System.Diagnostics.Tracing.EventLevel",3
"System.Diagnostics.Tracing.EventTask",3
"System.Diagnostics.Tracing.EventOpcode",3
"System.Diagnostics.Tracing.EventChannel",3
"System.Diagnostics.Tracing.EventKeywords",3
"System.Diagnostics.Tracing.EventFieldTags",3
"System.Diagnostics.Tracing.EventFieldFormat",3
"System.Diagnostics.Tracing.EventTags",3
"System.Collections.Concurrent.EnumerablePartitionerOptions",3
"System.Collections.Generic.KeyNotFoundException",3
"System.Threading.AbandonedMutexException",3
"System.Threading.SendOrPostCallback",3
"System.Threading.EventResetMode",3
"System.Threading.EventWaitHandle",3
"System.Threading.ContextCallback",3
"System.Threading.Mutex",3
"System.Threading.ParameterizedThreadStart",3
"System.Threading.SemaphoreFullException",3
"System.Threading.SynchronizationLockException",3
"System.Threading.ThreadAbortException",3
"System.Threading.ThreadInterruptedException",3
"System.Threading.WaitCallback",3
"System.Threading.WaitOrTimerCallback",3
"System.Threading.IOCompletionCallback",3
"System.Threading.ThreadPriority",3
"System.Threading.ThreadStart",3
"System.Threading.ThreadState",3
"System.Threading.ThreadStateException",3
"System.Threading.ThreadStartException",3
"System.Threading.TimerCallback",3
"System.Threading.WaitHandleCannotBeOpenedException",3
"System.Threading.ApartmentState",3
"System.Threading.LazyThreadSafetyMode",3
"System.Threading.Tasks.TaskStatus",3
"System.Threading.Tasks.TaskCreationOptions",3
"System.Threading.Tasks.TaskContinuationOptions",3
"System.Reflection.AmbiguousMatchException",3
"System.Reflection.ModuleResolveEventHandler",3
"System.Reflection.AssemblyNameFlags",3
"System.Reflection.AssemblyContentType",3
"System.Reflection.ProcessorArchitecture",3
"System.Reflection.BindingFlags",3
"System.Reflection.CallingConventions",3
"System.Reflection.ConstructorInfo",3
"System.Reflection.EventAttributes",3
"System.Reflection.FieldAttributes",3
"System.Reflection.GenericParameterAttributes",3
"System.Reflection.InvalidFilterCriteriaException",3
"System.Reflection.ResourceLocation",3
"System.Reflection.MemberFilter",3
"System.Reflection.MemberTypes",3
"System.Reflection.MethodAttributes",3
"System.Reflection.MethodImplAttributes",3
"System.Reflection.MethodInfo",3
"System.Reflection.PortableExecutableKinds",3
"System.Reflection.ImageFileMachine",3
"System.Reflection.ExceptionHandlingClauseOptions",3
"System.Reflection.ParameterAttributes",3
"System.Reflection.PropertyAttributes",3
"System.Reflection.ReflectionTypeLoadException",3
"System.Reflection.ResourceAttributes",3
"System.Reflection.TargetException",3
"System.Reflection.TargetInvocationException",3
"System.Reflection.TargetParameterCountException",3
"System.Reflection.TypeAttributes",3
"System.Reflection.TypeFilter",3
"System.Reflection.TypeInfo",3
"System.Reflection.Emit.AssemblyBuilderAccess",3
"System.Reflection.Emit.FieldBuilder",3
"System.Reflection.Emit.PEFileKinds",3
"System.Reflection.Emit.OpCodeType",3
"System.Reflection.Emit.StackBehaviour",3
"System.Reflection.Emit.OperandType",3
"System.Reflection.Emit.FlowControl",3
"System.Reflection.Emit.PropertyBuilder",3
"System.Reflection.Emit.PackingSize",3
"System.Runtime.GCLargeObjectHeapCompactionMode",3
"System.Runtime.GCLatencyMode",3
"System.Runtime.Versioning.ComponentGuaranteesOptions",3
"System.Runtime.Versioning.ResourceScope",3
"System.Runtime.ConstrainedExecution.Consistency",3
"System.Runtime.ConstrainedExecution.Cer",3
"System.Runtime.Serialization.SerializationException",3
"System.Runtime.Serialization.StreamingContextStates",3
"System.Runtime.Serialization.Formatters.FormatterTypeStyle",3
"System.Runtime.Serialization.Formatters.FormatterAssemblyStyle",3
"System.Runtime.Serialization.Formatters.TypeFilterLevel",3
"System.Runtime.Remoting.WellKnownObjectMode",3
"System.Runtime.Remoting.CustomErrorsModes",3
"System.Runtime.Remoting.RemotingException",3
"System.Runtime.Remoting.ServerException",3
"System.Runtime.Remoting.Metadata.SoapOption",3
"System.Runtime.Remoting.Metadata.XmlFieldOrderOption",3
"System.Runtime.Remoting.Metadata.SoapTypeAttribute",3
"System.Runtime.Remoting.Metadata.SoapMethodAttribute",3
"System.Runtime.Remoting.Metadata.SoapFieldAttribute",3
"System.Runtime.Remoting.Metadata.SoapParameterAttribute",3
"System.Runtime.Remoting.Contexts.CrossContextDelegate",3
"System.Runtime.Remoting.Contexts.SynchronizationAttribute",3
"System.Runtime.Remoting.Lifetime.LeaseState",3
"System.Runtime.Remoting.Channels.ServerProcessing",3
"System.Runtime.Remoting.Messaging.MessageSurrogateFilter",3
"System.Runtime.Remoting.Messaging.HeaderHandler",3
"System.Runtime.Remoting.Activation.ActivatorLevel",3
"System.Runtime.Remoting.Activation.UrlAttribute",3
"System.Runtime.CompilerServices.DateTimeConstantAttribute",3
"System.Runtime.CompilerServices.CompilationRelaxations",3
"System.Runtime.CompilerServices.MethodImplOptions",3
"System.Runtime.CompilerServices.MethodCodeType",3
"System.Runtime.CompilerServices.LoadHint",3
"System.Runtime.CompilerServices.IteratorStateMachineAttribute",3
"System.Runtime.CompilerServices.AsyncStateMachineAttribute",3
"System.Runtime.CompilerServices.IDispatchConstantAttribute",3
"System.Runtime.CompilerServices.IUnknownConstantAttribute",3
"System.Runtime.InteropServices.ComInterfaceType",3
"System.Runtime.InteropServices.ClassInterfaceType",3
"System.Runtime.InteropServices.IDispatchImplType",3
"System.Runtime.InteropServices.TypeLibTypeFlags",3
"System.Runtime.InteropServices.TypeLibFuncFlags",3
"System.Runtime.InteropServices.TypeLibVarFlags",3
"System.Runtime.InteropServices.VarEnum",3
"System.Runtime.InteropServices.UnmanagedType",3
"System.Runtime.InteropServices.DllImportSearchPath",3
"System.Runtime.InteropServices.CallingConvention",3
"System.Runtime.InteropServices.CharSet",3
"System.Runtime.InteropServices.ExternalException",3
"System.Runtime.InteropServices.GCHandleType",3
"System.Runtime.InteropServices.InvalidOleVariantTypeException",3
"System.Runtime.InteropServices.LayoutKind",3
"System.Runtime.InteropServices.CustomQueryInterfaceMode",3
"System.Runtime.InteropServices.MarshalDirectiveException",3
"System.Runtime.InteropServices.ComMemberType",3
"System.Runtime.InteropServices.CustomQueryInterfaceResult",3
"System.Runtime.InteropServices.InvalidComObjectException",3
"System.Runtime.InteropServices.AssemblyRegistrationFlags",3
"System.Runtime.InteropServices.TypeLibImporterFlags",3
"System.Runtime.InteropServices.TypeLibExporterFlags",3
"System.Runtime.InteropServices.ImporterEventKind",3
"System.Runtime.InteropServices.ExporterEventKind",3
"System.Runtime.InteropServices.ObjectCreationDelegate",3
"System.Runtime.InteropServices.RegistrationClassContext",3
"System.Runtime.InteropServices.RegistrationConnectionType",3
"System.Runtime.InteropServices.SafeArrayRankMismatchException",3
"System.Runtime.InteropServices.SafeArrayTypeMismatchException",3
"System.Runtime.InteropServices.DESCKIND",3
"System.Runtime.InteropServices.TYPEKIND",3
"System.Runtime.InteropServices.TYPEFLAGS",3
"System.Runtime.InteropServices.IMPLTYPEFLAGS",3
"System.Runtime.InteropServices.IDLFLAG",3
"System.Runtime.InteropServices.PARAMFLAG",3
"System.Runtime.InteropServices.FUNCKIND",3
"System.Runtime.InteropServices.INVOKEKIND",3
"System.Runtime.InteropServices.CALLCONV",3
"System.Runtime.InteropServices.FUNCFLAGS",3
"System.Runtime.InteropServices.VARFLAGS",3
"System.Runtime.InteropServices.SYSKIND",3
"System.Runtime.InteropServices.LIBFLAGS",3
"System.Runtime.InteropServices.Architecture",3
"System.Runtime.InteropServices.ComTypes.DESCKIND",3
"System.Runtime.InteropServices.ComTypes.TYPEKIND",3
"System.Runtime.InteropServices.ComTypes.TYPEFLAGS",3
"System.Runtime.InteropServices.ComTypes.IMPLTYPEFLAGS",3
"System.Runtime.InteropServices.ComTypes.IDLFLAG",3
"System.Runtime.InteropServices.ComTypes.PARAMFLAG",3
"System.Runtime.InteropServices.ComTypes.VARKIND",3
"System.Runtime.InteropServices.ComTypes.FUNCKIND",3
"System.Runtime.InteropServices.ComTypes.INVOKEKIND",3
"System.Runtime.InteropServices.ComTypes.CALLCONV",3
"System.Runtime.InteropServices.ComTypes.FUNCFLAGS",3
"System.Runtime.InteropServices.ComTypes.VARFLAGS",3
"System.Runtime.InteropServices.ComTypes.SYSKIND",3
"System.Runtime.InteropServices.ComTypes.LIBFLAGS",3
"System.Text.NormalizationForm",3
"System.ActivationContext.ContextForm",3
"System.Environment.SpecialFolderOption",3
"System.Environment.SpecialFolder",3
"System.Diagnostics.DebuggableAttribute.DebuggingModes",3
"System.Diagnostics.Tracing.EventProvider.WriteEventErrorCode",3
"System.Diagnostics.Tracing.ManifestEnvelope.ManifestFormats",3
"System.Threading.Tasks.TplEtwProvider.ForkJoinOperationType",3
"System.Threading.Tasks.TplEtwProvider.TaskWaitBehavior",3
"System.Deployment.Internal.Isolation.StoreOperationStageComponent.OpFlags",3
"System.Deployment.Internal.Isolation.StoreOperationStageComponent.Disposition",3
"System.Deployment.Internal.Isolation.StoreOperationStageComponentFile.OpFlags",3
"System.Deployment.Internal.Isolation.StoreOperationStageComponentFile.Disposition",3
"System.Deployment.Internal.Isolation.StoreApplicationReference.RefFlags",3
"System.Deployment.Internal.Isolation.StoreOperationPinDeployment.OpFlags",3
"System.Deployment.Internal.Isolation.StoreOperationPinDeployment.Disposition",3
"System.Deployment.Internal.Isolation.StoreOperationUnpinDeployment.OpFlags",3
"System.Deployment.Internal.Isolation.StoreOperationUnpinDeployment.Disposition",3
"System.Deployment.Internal.Isolation.StoreOperationInstallDeployment.OpFlags",3
"System.Deployment.Internal.Isolation.StoreOperationInstallDeployment.Disposition",3
"System.Deployment.Internal.Isolation.StoreOperationUninstallDeployment.OpFlags",3
"System.Deployment.Internal.Isolation.StoreOperationUninstallDeployment.Disposition",3
"System.Deployment.Internal.Isolation.StoreOperationSetDeploymentMetadata.OpFlags",3
"System.Deployment.Internal.Isolation.StoreOperationSetDeploymentMetadata.Disposition",3
"System.Deployment.Internal.Isolation.StoreOperationSetCanonicalizationContext.OpFlags",3
"System.Deployment.Internal.Isolation.StoreOperationScavenge.OpFlags",3
"System.Deployment.Internal.Isolation.Store.EnumAssembliesFlags",3
"System.Deployment.Internal.Isolation.Store.EnumAssemblyFilesFlags",3
"System.Deployment.Internal.Isolation.Store.EnumApplicationPrivateFiles",3
"System.Deployment.Internal.Isolation.Store.EnumAssemblyInstallReferenceFlags",3
"System.Deployment.Internal.Isolation.Store.EnumCategoriesFlags",3
"System.Deployment.Internal.Isolation.Store.EnumSubcategoriesFlags",3
"System.Deployment.Internal.Isolation.Store.EnumCategoryInstancesFlags",3
"System.Deployment.Internal.Isolation.Store.GetPackagePropertyFlags",3
"System.Runtime.CompilerServices.RuntimeHelpers.TryCode",3
"System.Runtime.CompilerServices.RuntimeHelpers.CleanupCode",3
"System.Runtime.CompilerServices.ConditionalWeakTable<TKey, TValue>.CreateValueCallback<TKey, TValue>",3
"System.Security.Policy.Evidence.EvidenceLockHolder.LockType",3
"System.Deployment.Internal.Isolation.IsolationInterop.CreateActContextParameters.CreateFlags",3
"System.Deployment.Internal.Isolation.IsolationInterop.CreateActContextParametersSource.SourceFlags",3
"Microsoft.Win32.RegistryKey",2
"System.AggregateException",2
"System.ArraySegment<T>",2
"System.ValueTuple",2
"System.ValueTuple<T1>",2
"System.ValueTuple<T1, T2>",2
"System.ValueTuple<T1, T2, T3>",2
"System.ValueTuple<T1, T2, T3, T4>",2
"System.ValueTuple<T1, T2, T3, T4, T5>",2
"System.ValueTuple<T1, T2, T3, T4, T5, T6>",2
"System.ValueTuple<T1, T2, T3, T4, T5, T6, T7>",2
"System.ValueTuple<T1, T2, T3, T4, T5, T6, T7, TRest>",2
"System.DateTime",2
"System.DateTimeOffset",2
"System.SystemException",2
"System.MulticastDelegate",2
"System.ApplicationException",2
"System.ResolveEventArgs",2
"System.AssemblyLoadEventArgs",2
"System.AppDomain",2
"System.AppDomainManager",2
"System.LoaderOptimizationAttribute",2
"System.ArgIterator",2
"System.AttributeUsageAttribute",2
"System.Boolean",2
"System.Byte",2
"System.Char",2
"System.CLSCompliantAttribute",2
"System.__ComObject",2
"System.ConsoleCancelEventArgs",2
"System.ConsoleKeyInfo",2
"System.ContextBoundObject",2
"System.ContextStaticAttribute",2
"System.Decimal",2
"System.Double",2
"System.Enum",2
"System.FlagsAttribute",2
"System.Guid",2
"System.Int16",2
"System.Int32",2
"System.Int64",2
"System.IntPtr",2
"System.InvalidTimeZoneException",2
"System.NonSerializedAttribute",2
"System.ObsoleteAttribute",2
"System.ParamArrayAttribute",2
"System.RuntimeArgumentHandle",2
"System.RuntimeTypeHandle",2
"System.RuntimeMethodHandle",2
"System.RuntimeFieldHandle",2
"System.ModuleHandle",2
"System.SByte",2
"System.SerializableAttribute",2
"System.Single",2
"System.STAThreadAttribute",2
"System.MTAThreadAttribute",2
"System.TimeSpan",2
"System.TimeZoneNotFoundException",2
"System.Type",2
"System.TypedReference",2
"System.UInt16",2
"System.UInt32",2
"System.UInt64",2
"System.UIntPtr",2
"System.UnhandledExceptionEventArgs",2
"System.Void",2
"System.ThreadStaticAttribute",2
"System.Nullable<T>",2
"System.Configuration.Assemblies.AssemblyHash",2
"System.IO.FileSystemInfo",2
"System.IO.Stream",2
"System.IO.TextReader",2
"System.IO.TextWriter",2
"System.IO.IsolatedStorage.IsolatedStorage",2
"System.IO.IsolatedStorage.IsolatedStorageException",2
"System.IO.IsolatedStorage.IsolatedStorageSecurityState",2
"System.Security.SuppressUnmanagedCodeSecurityAttribute",2
"System.Security.UnverifiableCodeAttribute",2
"System.Security.AllowPartiallyTrustedCallersAttribute",2
"System.Security.SecurityCriticalAttribute",2
"System.Security.SecurityTreatAsSafeAttribute",2
"System.Security.SecuritySafeCriticalAttribute",2
"System.Security.SecurityTransparentAttribute",2
"System.Security.SecurityRulesAttribute",2
"System.Security.NamedPermissionSet",2
"System.Security.ReadOnlyPermissionSet",2
"System.Security.AccessControl.KnownAce",2
"System.Security.AccessControl.CustomAce",2
"System.Security.AccessControl.RawAcl",2
"System.Security.AccessControl.CommonAcl",2
"System.Security.AccessControl.CommonObjectSecurity",2
"System.Security.AccessControl.DirectoryObjectSecurity",2
"System.Security.AccessControl.AccessRule",2
"System.Security.AccessControl.AuditRule",2
"System.Security.AccessControl.AuthorizationRuleCollection",2
"System.Security.AccessControl.RawSecurityDescriptor",2
"System.Security.AccessControl.CommonSecurityDescriptor",2
"System.Security.Cryptography.RNGCryptoServiceProvider",2
"System.Security.Cryptography.Aes",2
"System.Security.Cryptography.DES",2
"System.Security.Cryptography.DSAParameters",2
"System.Security.Cryptography.DSA",2
"System.Security.Cryptography.DSASignatureDeformatter",2
"System.Security.Cryptography.DSASignatureFormatter",2
"System.Security.Cryptography.HashAlgorithmName",2
"System.Security.Cryptography.KeyedHashAlgorithm",2
"System.Security.Cryptography.MD5",2
"System.Security.Cryptography.PasswordDeriveBytes",2
"System.Security.Cryptography.PKCS1MaskGenerationMethod",2
"System.Security.Cryptography.RC2",2
"System.Security.Cryptography.Rfc2898DeriveBytes",2
"System.Security.Cryptography.RIPEMD160",2
"System.Security.Cryptography.RSAParameters",2
"System.Security.Cryptography.RSA",2
"System.Security.Cryptography.RSAOAEPKeyExchangeDeformatter",2
"System.Security.Cryptography.RSAOAEPKeyExchangeFormatter",2
"System.Security.Cryptography.RSAPKCS1KeyExchangeDeformatter",2
"System.Security.Cryptography.RSAPKCS1KeyExchangeFormatter",2
"System.Security.Cryptography.RSAPKCS1SignatureDeformatter",2
"System.Security.Cryptography.RSAPKCS1SignatureFormatter",2
"System.Security.Cryptography.Rijndael",2
"System.Security.Cryptography.SHA1",2
"System.Security.Cryptography.SHA256",2
"System.Security.Cryptography.SHA384",2
"System.Security.Cryptography.SHA512",2
"System.Security.Cryptography.TripleDES",2
"System.Security.Permissions.EnvironmentPermission",2
"System.Security.Permissions.FileDialogPermission",2
"System.Security.Permissions.FileIOPermission",2
"System.Security.Permissions.IsolatedStoragePermission",2
"System.Security.Permissions.SecurityAttribute",2
"System.Security.Permissions.ReflectionPermission",2
"System.Security.Permissions.SecurityPermission",2
"System.Security.Permissions.SiteIdentityPermission",2
"System.Security.Permissions.StrongNameIdentityPermission",2
"System.Security.Permissions.UIPermission",2
"System.Security.Permissions.UrlIdentityPermission",2
"System.Security.Permissions.ZoneIdentityPermission",2
"System.Security.Permissions.GacIdentityPermission",2
"System.Security.Permissions.KeyContainerPermission",2
"System.Security.Permissions.PublisherIdentityPermission",2
"System.Security.Permissions.RegistryPermission",2
"System.Security.Principal.GenericIdentity",2
"System.Security.Principal.GenericPrincipal",2
"System.Security.Principal.WindowsIdentity",2
"System.Security.Principal.WindowsPrincipal",2
"System.Security.Principal.NTAccount",2
"System.Security.Principal.SecurityIdentifier",2
"System.Security.Policy.ApplicationDirectory",2
"System.Security.Policy.ApplicationTrust",2
"System.Security.Policy.FileCodeGroup",2
"System.Security.Policy.FirstMatchCodeGroup",2
"System.Security.Policy.NetCodeGroup",2
"System.Security.Policy.PermissionRequestEvidence",2
"System.Security.Policy.Site",2
"System.Security.Policy.StrongName",2
"System.Security.Policy.UnionCodeGroup",2
"System.Security.Policy.Url",2
"System.Security.Policy.Zone",2
"System.Security.Policy.GacInstalled",2
"System.Security.Policy.Hash",2
"System.Security.Policy.Publisher",2
"System.Resources.NeutralResourcesLanguageAttribute",2
"System.Resources.SatelliteContractVersionAttribute",2
"System.Globalization.GregorianCalendar",2
"System.Globalization.HebrewCalendar",2
"System.Globalization.HijriCalendar",2
"System.Globalization.UmAlQuraCalendar",2
"System.Globalization.EastAsianLunisolarCalendar",2
"System.Globalization.JulianCalendar",2
"System.Globalization.PersianCalendar",2
"System.Globalization.JapaneseCalendar",2
"System.Globalization.KoreanCalendar",2
"System.Globalization.TaiwanCalendar",2
"System.Globalization.ThaiBuddhistCalendar",2
"System.Diagnostics.ConditionalAttribute",2
"System.Diagnostics.DebuggerStepThroughAttribute",2
"System.Diagnostics.DebuggerStepperBoundaryAttribute",2
"System.Diagnostics.DebuggerHiddenAttribute",2
"System.Diagnostics.DebuggerNonUserCodeAttribute",2
"System.Diagnostics.DebuggableAttribute",2
"System.Diagnostics.DebuggerBrowsableAttribute",2
"System.Diagnostics.DebuggerTypeProxyAttribute",2
"System.Diagnostics.DebuggerDisplayAttribute",2
"System.Diagnostics.DebuggerVisualizerAttribute",2
"System.Diagnostics.SymbolStore.SymbolToken",2
"System.Diagnostics.Contracts.PureAttribute",2
"System.Diagnostics.Contracts.ContractClassAttribute",2
"System.Diagnostics.Contracts.ContractClassForAttribute",2
"System.Diagnostics.Contracts.ContractInvariantMethodAttribute",2
"System.Diagnostics.Contracts.ContractReferenceAssemblyAttribute",2
"System.Diagnostics.Contracts.ContractRuntimeIgnoredAttribute",2
"System.Diagnostics.Contracts.ContractVerificationAttribute",2
"System.Diagnostics.Contracts.ContractPublicPropertyNameAttribute",2
"System.Diagnostics.Contracts.ContractArgumentValidatorAttribute",2
"System.Diagnostics.Contracts.ContractAbbreviatorAttribute",2
"System.Diagnostics.Contracts.ContractOptionAttribute",2
"System.Diagnostics.Contracts.ContractFailedEventArgs",2
"System.Diagnostics.CodeAnalysis.SuppressMessageAttribute",2
"System.Diagnostics.Tracing.EventCommandEventArgs",2
"System.Diagnostics.Tracing.EventSourceCreatedEventArgs",2
"System.Diagnostics.Tracing.EventWrittenEventArgs",2
"System.Diagnostics.Tracing.EventSourceAttribute",2
"System.Diagnostics.Tracing.EventAttribute",2
"System.Diagnostics.Tracing.NonEventAttribute",2
"System.Diagnostics.Tracing.EventSourceException",2
"System.Diagnostics.Tracing.EventDataAttribute",2
"System.Diagnostics.Tracing.EventFieldAttribute",2
"System.Diagnostics.Tracing.EventIgnoreAttribute",2
"System.Diagnostics.Tracing.EventSourceOptions",2
"System.Collections.DictionaryEntry",2
"System.Collections.Concurrent.OrderablePartitioner<TSource>",2
"System.Collections.ObjectModel.KeyedCollection<TKey, TItem>",2
"System.Collections.Generic.KeyValuePair<TKey, TValue>",2
"System.Threading.AsyncLocalValueChangedArgs<T>",2
"System.Threading.AsyncFlowControl",2
"System.Threading.LockCookie",2
"System.Threading.LockRecursionException",2
"System.Threading.NativeOverlapped",2
"System.Threading.ReaderWriterLock",2
"System.Threading.Thread",2
"System.Threading.RegisteredWaitHandle",2
"System.Threading.Timer",2
"System.Threading.WaitHandle",2
"System.Threading.SpinLock",2
"System.Threading.SpinWait",2
"System.Threading.CancellationTokenRegistration",2
"System.Threading.CancellationToken",2
"System.Threading.Tasks.Task<TResult>",2
"System.Threading.Tasks.ParallelLoopResult",2
"System.Threading.Tasks.TaskSchedulerException",2
"System.Threading.Tasks.UnobservedTaskExceptionEventArgs",2
"System.Reflection.AssemblyCopyrightAttribute",2
"System.Reflection.AssemblyTrademarkAttribute",2
"System.Reflection.AssemblyProductAttribute",2
"System.Reflection.AssemblyCompanyAttribute",2
"System.Reflection.AssemblyDescriptionAttribute",2
"System.Reflection.AssemblyTitleAttribute",2
"System.Reflection.AssemblyConfigurationAttribute",2
"System.Reflection.AssemblyDefaultAliasAttribute",2
"System.Reflection.AssemblyInformationalVersionAttribute",2
"System.Reflection.AssemblyFileVersionAttribute",2
"System.Reflection.AssemblyCultureAttribute",2
"System.Reflection.AssemblyVersionAttribute",2
"System.Reflection.AssemblyKeyFileAttribute",2
"System.Reflection.AssemblyDelaySignAttribute",2
"System.Reflection.AssemblyAlgorithmIdAttribute",2
"System.Reflection.AssemblyFlagsAttribute",2
"System.Reflection.AssemblyMetadataAttribute",2
"System.Reflection.AssemblySignatureKeyAttribute",2
"System.Reflection.AssemblyKeyNameAttribute",2
"System.Reflection.AssemblyNameProxy",2
"System.Reflection.CustomAttributeNamedArgument",2
"System.Reflection.CustomAttributeTypedArgument",2
"System.Reflection.DefaultMemberAttribute",2
"System.Reflection.EventInfo",2
"System.Reflection.FieldInfo",2
"System.Reflection.InterfaceMapping",2
"System.Reflection.MethodBase",2
"System.Reflection.ObfuscateAssemblyAttribute",2
"System.Reflection.ObfuscationAttribute",2
"System.Reflection.ParameterModifier",2
"System.Reflection.PropertyInfo",2
"System.Reflection.Emit.AssemblyBuilder",2
"System.Reflection.Emit.EventToken",2
"System.Reflection.Emit.FieldToken",2
"System.Reflection.Emit.Label",2
"System.Reflection.Emit.LocalBuilder",2
"System.Reflection.Emit.ExceptionHandler",2
"System.Reflection.Emit.MethodToken",2
"System.Reflection.Emit.ModuleBuilder",2
"System.Reflection.Emit.OpCode",2
"System.Reflection.Emit.ParameterToken",2
"System.Reflection.Emit.PropertyToken",2
"System.Reflection.Emit.SignatureToken",2
"System.Reflection.Emit.StringToken",2
"System.Reflection.Emit.TypeToken",2
"System.Runtime.MemoryFailPoint",2
"System.Runtime.AssemblyTargetedPatchBandAttribute",2
"System.Runtime.TargetedPatchingOptOutAttribute",2
"System.Runtime.Versioning.ComponentGuaranteesAttribute",2
"System.Runtime.Versioning.ResourceConsumptionAttribute",2
"System.Runtime.Versioning.ResourceExposureAttribute",2
"System.Runtime.Versioning.TargetFrameworkAttribute",2
"System.Runtime.ConstrainedExecution.ReliabilityContractAttribute",2
"System.Runtime.ConstrainedExecution.PrePrepareMethodAttribute",2
"System.Runtime.Serialization.OptionalFieldAttribute",2
"System.Runtime.Serialization.OnSerializingAttribute",2
"System.Runtime.Serialization.OnSerializedAttribute",2
"System.Runtime.Serialization.OnDeserializingAttribute",2
"System.Runtime.Serialization.OnDeserializedAttribute",2
"System.Runtime.Serialization.SerializationEntry",2
"System.Runtime.Serialization.StreamingContext",2
"System.Runtime.Serialization.SafeSerializationEventArgs",2
"System.Runtime.ExceptionServices.HandleProcessCorruptedStateExceptionsAttribute",2
"System.Runtime.ExceptionServices.FirstChanceExceptionEventArgs",2
"System.Runtime.Remoting.ActivatedClientTypeEntry",2
"System.Runtime.Remoting.ActivatedServiceTypeEntry",2
"System.Runtime.Remoting.WellKnownClientTypeEntry",2
"System.Runtime.Remoting.WellKnownServiceTypeEntry",2
"System.Runtime.Remoting.ObjectHandle",2
"System.Runtime.Remoting.Metadata.SoapAttribute",2
"System.Runtime.Remoting.Proxies.ProxyAttribute",2
"System.Runtime.Remoting.Contexts.ContextAttribute",2
"System.Runtime.Remoting.Lifetime.ClientSponsor",2
"System.Runtime.Remoting.Channels.BaseChannelSinkWithProperties",2
"System.Runtime.Remoting.Channels.BaseChannelWithProperties",2
"System.Runtime.Remoting.Messaging.ConstructionCall",2
"System.Runtime.Remoting.Messaging.ConstructionResponse",2
"System.Runtime.Remoting.Messaging.MethodCallMessageWrapper",2
"System.Runtime.Remoting.Messaging.MethodReturnMessageWrapper",2
"System.Runtime.Remoting.Messaging.OneWayAttribute",2
"System.Runtime.CompilerServices.StringFreezingAttribute",2
"System.Runtime.CompilerServices.AccessedThroughPropertyAttribute",2
"System.Runtime.CompilerServices.CompilerGeneratedAttribute",2
"System.Runtime.CompilerServices.CustomConstantAttribute",2
"System.Runtime.CompilerServices.DiscardableAttribute",2
"System.Runtime.CompilerServices.DecimalConstantAttribute",2
"System.Runtime.CompilerServices.DisablePrivateReflectionAttribute",2
"System.Runtime.CompilerServices.CompilationRelaxationsAttribute",2
"System.Runtime.CompilerServices.CompilerGlobalScopeAttribute",2
"System.Runtime.CompilerServices.ExtensionAttribute",2
"System.Runtime.CompilerServices.FixedBufferAttribute",2
"System.Runtime.CompilerServices.IndexerNameAttribute",2
"System.Runtime.CompilerServices.InternalsVisibleToAttribute",2
"System.Runtime.CompilerServices.IsByRefLikeAttribute",2
"System.Runtime.CompilerServices.MethodImplAttribute",2
"System.Runtime.CompilerServices.FixedAddressValueTypeAttribute",2
"System.Runtime.CompilerServices.UnsafeValueTypeAttribute",2
"System.Runtime.CompilerServices.RequiredAttributeAttribute",2
"System.Runtime.CompilerServices.DefaultDependencyAttribute",2
"System.Runtime.CompilerServices.DependencyAttribute",2
"System.Runtime.CompilerServices.HasCopySemanticsAttribute",2
"System.Runtime.CompilerServices.ScopelessEnumAttribute",2
"System.Runtime.CompilerServices.SpecialNameAttribute",2
"System.Runtime.CompilerServices.IsReadOnlyAttribute",2
"System.Runtime.CompilerServices.SuppressIldasmAttribute",2
"System.Runtime.CompilerServices.NativeCppClassAttribute",2
"System.Runtime.CompilerServices.TypeForwardedToAttribute",2
"System.Runtime.CompilerServices.TypeForwardedFromAttribute",2
"System.Runtime.CompilerServices.ReferenceAssemblyAttribute",2
"System.Runtime.CompilerServices.RuntimeCompatibilityAttribute",2
"System.Runtime.CompilerServices.RuntimeWrappedException",2
"System.Runtime.CompilerServices.CallerFilePathAttribute",2
"System.Runtime.CompilerServices.CallerLineNumberAttribute",2
"System.Runtime.CompilerServices.CallerMemberNameAttribute",2
"System.Runtime.CompilerServices.StateMachineAttribute",2
"System.Runtime.CompilerServices.AsyncVoidMethodBuilder",2
"System.Runtime.CompilerServices.AsyncTaskMethodBuilder",2
"System.Runtime.CompilerServices.AsyncTaskMethodBuilder<TResult>",2
"System.Runtime.CompilerServices.TaskAwaiter",2
"System.Runtime.CompilerServices.TaskAwaiter<TResult>",2
"System.Runtime.CompilerServices.ConfiguredTaskAwaitable",2
"System.Runtime.CompilerServices.ConfiguredTaskAwaitable<TResult>",2
"System.Runtime.CompilerServices.YieldAwaitable",2
"System.Runtime.CompilerServices.TupleElementNamesAttribute",2
"System.Runtime.InteropServices.ArrayWithOffset",2
"System.Runtime.InteropServices.UnmanagedFunctionPointerAttribute",2
"System.Runtime.InteropServices.TypeIdentifierAttribute",2
"System.Runtime.InteropServices.AllowReversePInvokeCallsAttribute",2
"System.Runtime.InteropServices.DispIdAttribute",2
"System.Runtime.InteropServices.InterfaceTypeAttribute",2
"System.Runtime.InteropServices.ComDefaultInterfaceAttribute",2
"System.Runtime.InteropServices.ClassInterfaceAttribute",2
"System.Runtime.InteropServices.ComVisibleAttribute",2
"System.Runtime.InteropServices.TypeLibImportClassAttribute",2
"System.Runtime.InteropServices.LCIDConversionAttribute",2
"System.Runtime.InteropServices.ComRegisterFunctionAttribute",2
"System.Runtime.InteropServices.ComUnregisterFunctionAttribute",2
"System.Runtime.InteropServices.ProgIdAttribute",2
"System.Runtime.InteropServices.ImportedFromTypeLibAttribute",2
"System.Runtime.InteropServices.IDispatchImplAttribute",2
"System.Runtime.InteropServices.ComSourceInterfacesAttribute",2
"System.Runtime.InteropServices.ComConversionLossAttribute",2
"System.Runtime.InteropServices.TypeLibTypeAttribute",2
"System.Runtime.InteropServices.TypeLibFuncAttribute",2
"System.Runtime.InteropServices.TypeLibVarAttribute",2
"System.Runtime.InteropServices.MarshalAsAttribute",2
"System.Runtime.InteropServices.ComImportAttribute",2
"System.Runtime.InteropServices.GuidAttribute",2
"System.Runtime.InteropServices.PreserveSigAttribute",2
"System.Runtime.InteropServices.InAttribute",2
"System.Runtime.InteropServices.OutAttribute",2
"System.Runtime.InteropServices.OptionalAttribute",2
"System.Runtime.InteropServices.DefaultDllImportSearchPathsAttribute",2
"System.Runtime.InteropServices.DllImportAttribute",2
"System.Runtime.InteropServices.StructLayoutAttribute",2
"System.Runtime.InteropServices.FieldOffsetAttribute",2
"System.Runtime.InteropServices.ComAliasNameAttribute",2
"System.Runtime.InteropServices.AutomationProxyAttribute",2
"System.Runtime.InteropServices.PrimaryInteropAssemblyAttribute",2
"System.Runtime.InteropServices.CoClassAttribute",2
"System.Runtime.InteropServices.ComEventInterfaceAttribute",2
"System.Runtime.InteropServices.TypeLibVersionAttribute",2
"System.Runtime.InteropServices.ComCompatibleVersionAttribute",2
"System.Runtime.InteropServices.BestFitMappingAttribute",2
"System.Runtime.InteropServices.DefaultCharSetAttribute",2
"System.Runtime.InteropServices.SetWin32ContextInIDispatchAttribute",2
"System.Runtime.InteropServices.ManagedToNativeComInteropStubAttribute",2
"System.Runtime.InteropServices.CriticalHandle",2
"System.Runtime.InteropServices.GCHandle",2
"System.Runtime.InteropServices.HandleRef",2
"System.Runtime.InteropServices.SafeHandle",2
"System.Runtime.InteropServices.BIND_OPTS",2
"System.Runtime.InteropServices.CONNECTDATA",2
"System.Runtime.InteropServices.FILETIME",2
"System.Runtime.InteropServices.STATSTG",2
"System.Runtime.InteropServices.BINDPTR",2
"System.Runtime.InteropServices.TYPEATTR",2
"System.Runtime.InteropServices.FUNCDESC",2
"System.Runtime.InteropServices.IDLDESC",2
"System.Runtime.InteropServices.PARAMDESC",2
"System.Runtime.InteropServices.TYPEDESC",2
"System.Runtime.InteropServices.ELEMDESC",2
"System.Runtime.InteropServices.VARDESC",2
"System.Runtime.InteropServices.DISPPARAMS",2
"System.Runtime.InteropServices.EXCEPINFO",2
"System.Runtime.InteropServices.TYPELIBATTR",2
"System.Runtime.InteropServices.OSPlatform",2
"System.Runtime.InteropServices.WindowsRuntime.DefaultInterfaceAttribute",2
"System.Runtime.InteropServices.WindowsRuntime.InterfaceImplementedInVersionAttribute",2
"System.Runtime.InteropServices.WindowsRuntime.ReadOnlyArrayAttribute",2
"System.Runtime.InteropServices.WindowsRuntime.WriteOnlyArrayAttribute",2
"System.Runtime.InteropServices.WindowsRuntime.ReturnValueNameAttribute",2
"System.Runtime.InteropServices.WindowsRuntime.EventRegistrationToken",2
"System.Runtime.InteropServices.WindowsRuntime.NamespaceResolveEventArgs",2
"System.Runtime.InteropServices.WindowsRuntime.DesignerNamespaceResolveEventArgs",2
"System.Runtime.InteropServices.ComTypes.BIND_OPTS",2
"System.Runtime.InteropServices.ComTypes.CONNECTDATA",2
"System.Runtime.InteropServices.ComTypes.FILETIME",2
"System.Runtime.InteropServices.ComTypes.STATSTG",2
"System.Runtime.InteropServices.ComTypes.BINDPTR",2
"System.Runtime.InteropServices.ComTypes.TYPEATTR",2
"System.Runtime.InteropServices.ComTypes.FUNCDESC",2
"System.Runtime.InteropServices.ComTypes.IDLDESC",2
"System.Runtime.InteropServices.ComTypes.PARAMDESC",2
"System.Runtime.InteropServices.ComTypes.TYPEDESC",2
"System.Runtime.InteropServices.ComTypes.ELEMDESC",2
"System.Runtime.InteropServices.ComTypes.VARDESC",2
"System.Runtime.InteropServices.ComTypes.DISPPARAMS",2
"System.Runtime.InteropServices.ComTypes.EXCEPINFO",2
"System.Runtime.InteropServices.ComTypes.TYPELIBATTR",2
"System.Runtime.Hosting.ActivationArguments",2
"System.Text.ASCIIEncoding",2
"System.Text.DecoderExceptionFallback",2
"System.Text.DecoderExceptionFallbackBuffer",2
"System.Text.DecoderReplacementFallback",2
"System.Text.DecoderReplacementFallbackBuffer",2
"System.Text.EncoderExceptionFallback",2
"System.Text.EncoderExceptionFallbackBuffer",2
"System.Text.EncoderReplacementFallback",2
"System.Text.EncoderReplacementFallbackBuffer",2
"System.Text.UnicodeEncoding",2
"System.Text.UTF7Encoding",2
"System.Text.UTF8Encoding",2
"System.Text.UTF32Encoding",2
"System.TimeZoneInfo.TransitionTime",2
"System.Diagnostics.Tracing.EventProvider.EventData",2
"System.Diagnostics.Tracing.EventProvider.SessionInfo",2
"System.Collections.Generic.Dictionary<TKey, TValue>.Enumerator<TKey, TValue>",2
"System.Collections.Generic.List<T>.Enumerator<T>",2
"System.Reflection.MetadataEnumResult.<smallResult>e__FixedBuffer",2
"System.Runtime.CompilerServices.ConfiguredTaskAwaitable.ConfiguredTaskAwaiter",2
"System.Runtime.CompilerServices.ConfiguredTaskAwaitable<TResult>.ConfiguredTaskAwaiter<TResult>",2
"System.Runtime.CompilerServices.YieldAwaitable.YieldAwaiter",2
"System.Runtime.InteropServices.ELEMDESC.DESCUNION",2
"System.Runtime.InteropServices.VARDESC.DESCUNION",2
"System.Runtime.InteropServices.ComTypes.ELEMDESC.DESCUNION",2
"System.Runtime.InteropServices.ComTypes.VARDESC.DESCUNION",2
"Microsoft.Win32.Win32Native.WIN32_FIND_DATA.<_cFileName>e__FixedBuffer",2
"Microsoft.Win32.Win32Native.WIN32_FIND_DATA.<_cAlternateFileName>e__FixedBuffer",2
"System.Collections.Generic.Dictionary<TKey, TValue>.KeyCollection<TKey, TValue>.Enumerator<TKey, TValue>",2
"System.Collections.Generic.Dictionary<TKey, TValue>.ValueCollection<TKey, TValue>.Enumerator<TKey, TValue>",2
"Microsoft.Win32.Registry",1
"System.AppContext",1
"System.Array",1
"System.Tuple",1
"System.Tuple<T1>",1
"System.Tuple<T1, T2>",1
"System.Tuple<T1, T2, T3>",1
"System.Tuple<T1, T2, T3, T4>",1
"System.Tuple<T1, T2, T3, T4, T5>",1
"System.Tuple<T1, T2, T3, T4, T5, T6>",1
"System.Tuple<T1, T2, T3, T4, T5, T6, T7>",1
"System.Tuple<T1, T2, T3, T4, T5, T6, T7, TRest>",1
"System.TupleExtensions",1
"System.String",1
"System.StringComparer",1
"System.Exception",1
"System.Delegate",1
"System.Activator",1
"System.AppDomainSetup",1
"System.ActivationContext",1
"System.ApplicationIdentity",1
"System.ApplicationId",1
"System.Attribute",1
"System.BitConverter",1
"System.Buffer",1
"System.CharEnumerator",1
"System.Console",1
"System.Convert",1
"System.DBNull",1
"System.Environment",1
"System.EventArgs",1
"System.FormattableString",1
"System.GC",1
"System.Lazy<T>",1
"System.LocalDataStoreSlot",1
"System.MarshalByRefObject",1
"System.Math",1
"System.OperatingSystem",1
"System.Progress<T>",1
"System.Random",1
"System.TimeZone",1
"System.TimeZoneInfo",1
"System.ValueType",1
"System.Version",1
"System.WeakReference",1
"System.WeakReference<T>",1
"System.Nullable",1
"System.IO.BinaryReader",1
"System.IO.BinaryWriter",1
"System.IO.Directory",1
"System.IO.DriveInfo",1
"System.IO.File",1
"System.IO.Path",1
"System.IO.UnmanagedMemoryAccessor",1
"System.Security.SecurityElement",1
"System.Security.CodeAccessPermission",1
"System.Security.HostSecurityManager",1
"System.Security.PermissionSet",1
"System.Security.SecureString",1
"System.Security.SecurityContext",1
"System.Security.SecurityState",1
"System.Security.SecurityManager",1
"System.Security.AccessControl.GenericAce",1
"System.Security.AccessControl.AceEnumerator",1
"System.Security.AccessControl.GenericAcl",1
"System.Security.AccessControl.ObjectSecurity",1
"System.Security.AccessControl.AuthorizationRule",1
"System.Security.AccessControl.GenericSecurityDescriptor",1
"System.Security.Cryptography.KeySizes",1
"System.Security.Cryptography.RandomNumberGenerator",1
"System.Security.Cryptography.AsymmetricAlgorithm",1
"System.Security.Cryptography.AsymmetricKeyExchangeDeformatter",1
"System.Security.Cryptography.AsymmetricKeyExchangeFormatter",1
"System.Security.Cryptography.AsymmetricSignatureDeformatter",1
"System.Security.Cryptography.AsymmetricSignatureFormatter",1
"System.Security.Cryptography.ToBase64Transform",1
"System.Security.Cryptography.FromBase64Transform",1
"System.Security.Cryptography.CryptoAPITransform",1
"System.Security.Cryptography.CspParameters",1
"System.Security.Cryptography.CryptoConfig",1
"System.Security.Cryptography.DeriveBytes",1
"System.Security.Cryptography.HashAlgorithm",1
"System.Security.Cryptography.CspKeyContainerInfo",1
"System.Security.Cryptography.MaskGenerationMethod",1
"System.Security.Cryptography.RSASignaturePadding",1
"System.Security.Cryptography.RSAEncryptionPadding",1
"System.Security.Cryptography.RijndaelManagedTransform",1
"System.Security.Cryptography.SignatureDescription",1
"System.Security.Cryptography.SymmetricAlgorithm",1
"System.Security.Cryptography.X509Certificates.X509Certificate",1
"System.Security.Permissions.PrincipalPermission",1
"System.Security.Permissions.StrongNamePublicKeyBlob",1
"System.Security.Permissions.KeyContainerPermissionAccessEntry",1
"System.Security.Permissions.KeyContainerPermissionAccessEntryCollection",1
"System.Security.Permissions.KeyContainerPermissionAccessEntryEnumerator",1
"System.Security.Claims.Claim",1
"System.Security.Claims.ClaimsIdentity",1
"System.Security.Claims.ClaimsPrincipal",1
"System.Security.Claims.ClaimTypes",1
"System.Security.Claims.ClaimValueTypes",1
"System.Security.Principal.WindowsImpersonationContext",1
"System.Security.Principal.IdentityReference",1
"System.Security.Principal.IdentityReferenceCollection",1
"System.Security.Policy.AllMembershipCondition",1
"System.Security.Policy.ApplicationDirectoryMembershipCondition",1
"System.Security.Policy.ApplicationSecurityInfo",1
"System.Security.Policy.ApplicationSecurityManager",1
"System.Security.Policy.ApplicationTrustCollection",1
"System.Security.Policy.ApplicationTrustEnumerator",1
"System.Security.Policy.CodeGroup",1
"System.Security.Policy.Evidence",1
"System.Security.Policy.EvidenceBase",1
"System.Security.Policy.TrustManagerContext",1
"System.Security.Policy.CodeConnectAccess",1
"System.Security.Policy.PolicyLevel",1
"System.Security.Policy.PolicyStatement",1
"System.Security.Policy.SiteMembershipCondition",1
"System.Security.Policy.StrongNameMembershipCondition",1
"System.Security.Policy.UrlMembershipCondition",1
"System.Security.Policy.ZoneMembershipCondition",1
"System.Security.Policy.GacMembershipCondition",1
"System.Security.Policy.HashMembershipCondition",1
"System.Security.Policy.PublisherMembershipCondition",1
"System.Resources.ResourceManager",1
"System.Resources.ResourceReader",1
"System.Resources.ResourceSet",1
"System.Resources.ResourceWriter",1
"System.Globalization.Calendar",1
"System.Globalization.CharUnicodeInfo",1
"System.Globalization.CompareInfo",1
"System.Globalization.CultureInfo",1
"System.Globalization.DateTimeFormatInfo",1
"System.Globalization.DaylightTime",1
"System.Globalization.GlobalizationExtensions",1
"System.Globalization.IdnMapping",1
"System.Globalization.RegionInfo",1
"System.Globalization.SortKey",1
"System.Globalization.StringInfo",1
"System.Globalization.TextElementEnumerator",1
"System.Globalization.TextInfo",1
"System.Globalization.NumberFormatInfo",1
"System.Globalization.SortVersion",1
"System.Diagnostics.Debugger",1
"System.Diagnostics.StackTrace",1
"System.Diagnostics.StackFrame",1
"System.Diagnostics.SymbolStore.SymDocumentType",1
"System.Diagnostics.SymbolStore.SymLanguageType",1
"System.Diagnostics.SymbolStore.SymLanguageVendor",1
"System.Diagnostics.Contracts.Contract",1
"System.Diagnostics.Contracts.Internal.ContractHelper",1
"System.Diagnostics.Tracing.EventSource",1
"System.Diagnostics.Tracing.EventListener",1
"System.Collections.CaseInsensitiveComparer",1
"System.Collections.CaseInsensitiveHashCodeProvider",1
"System.Collections.CollectionBase",1
"System.Collections.DictionaryBase",1
"System.Collections.ReadOnlyCollectionBase",1
"System.Collections.Queue",1
"System.Collections.ArrayList",1
"System.Collections.BitArray",1
"System.Collections.Stack",1
"System.Collections.Comparer",1
"System.Collections.Hashtable",1
"System.Collections.SortedList",1
"System.Collections.StructuralComparisons",1
"System.Collections.Concurrent.ConcurrentStack<T>",1
"System.Collections.Concurrent.ConcurrentDictionary<TKey, TValue>",1
"System.Collections.Concurrent.ConcurrentQueue<T>",1
"System.Collections.Concurrent.Partitioner<TSource>",1
"System.Collections.Concurrent.Partitioner",1
"System.Collections.ObjectModel.Collection<T>",1
"System.Collections.ObjectModel.ReadOnlyCollection<T>",1
"System.Collections.ObjectModel.ReadOnlyDictionary<TKey, TValue>",1
"System.Collections.Generic.Comparer<T>",1
"System.Collections.Generic.Dictionary<TKey, TValue>",1
"System.Collections.Generic.EqualityComparer<T>",1
"System.Collections.Generic.List<T>",1
"System.Threading.AsyncLocal<T>",1
"System.Threading.SynchronizationContext",1
"System.Threading.CompressedStack",1
"System.Threading.ExecutionContext",1
"System.Threading.Interlocked",1
"System.Threading.HostExecutionContext",1
"System.Threading.HostExecutionContextManager",1
"System.Threading.Monitor",1
"System.Threading.Overlapped",1
"System.Threading.PreAllocatedOverlapped",1
"System.Threading.ThreadPoolBoundHandle",1
"System.Threading.ThreadPool",1
"System.Threading.Timeout",1
"System.Threading.Volatile",1
"System.Threading.WaitHandleExtensions",1
"System.Threading.CountdownEvent",1
"System.Threading.LazyInitializer",1
"System.Threading.ThreadLocal<T>",1
"System.Threading.SemaphoreSlim",1
"System.Threading.ManualResetEventSlim",1
"System.Threading.CancellationTokenSource",1
"System.Threading.Tasks.TaskFactory<TResult>",1
"System.Threading.Tasks.ParallelOptions",1
"System.Threading.Tasks.Parallel",1
"System.Threading.Tasks.ParallelLoopState",1
"System.Threading.Tasks.Task",1
"System.Threading.Tasks.TaskFactory",1
"System.Threading.Tasks.TaskScheduler",1
"System.Threading.Tasks.TaskCompletionSource<TResult>",1
"System.Threading.Tasks.ConcurrentExclusiveSchedulerPair",1
"System.Reflection.Assembly",1
"System.Reflection.AssemblyName",1
"System.Reflection.CustomAttributeExtensions",1
"System.Reflection.Binder",1
"System.Reflection.CustomAttributeData",1
"System.Reflection.IntrospectionExtensions",1
"System.Reflection.RuntimeReflectionExtensions",1
"System.Reflection.ManifestResourceInfo",1
"System.Reflection.MemberInfo",1
"System.Reflection.Missing",1
"System.Reflection.Module",1
"System.Reflection.ExceptionHandlingClause",1
"System.Reflection.MethodBody",1
"System.Reflection.LocalVariableInfo",1
"System.Reflection.ParameterInfo",1
"System.Reflection.Pointer",1
"System.Reflection.ReflectionContext",1
"System.Reflection.StrongNameKeyPair",1
"System.Reflection.Emit.DynamicILInfo",1
"System.Reflection.Emit.EventBuilder",1
"System.Reflection.Emit.ILGenerator",1
"System.Reflection.Emit.CustomAttributeBuilder",1
"System.Reflection.Emit.MethodRental",1
"System.Reflection.Emit.OpCodes",1
"System.Reflection.Emit.ParameterBuilder",1
"System.Reflection.Emit.SignatureHelper",1
"System.Reflection.Emit.UnmanagedMarshal",1
"System.Deployment.Internal.InternalApplicationIdentityHelper",1
"System.Deployment.Internal.InternalActivationContextHelper",1
"System.Runtime.GCSettings",1
"System.Runtime.ProfileOptimization",1
"System.Runtime.DesignerServices.WindowsRuntimeDesignerContext",1
"System.Runtime.Versioning.VersioningHelper",1
"System.Runtime.Versioning.CompatibilitySwitch",1
"System.Runtime.ConstrainedExecution.CriticalFinalizerObject",1
"System.Runtime.Serialization.FormatterConverter",1
"System.Runtime.Serialization.FormatterServices",1
"System.Runtime.Serialization.SerializationBinder",1
"System.Runtime.Serialization.SerializationInfo",1
"System.Runtime.Serialization.SerializationInfoEnumerator",1
"System.Runtime.Serialization.Formatter",1
"System.Runtime.Serialization.ObjectIDGenerator",1
"System.Runtime.Serialization.ObjectManager",1
"System.Runtime.Serialization.SerializationObjectManager",1
"System.Runtime.Serialization.SurrogateSelector",1
"System.Runtime.Serialization.Formatters.InternalRM",1
"System.Runtime.Serialization.Formatters.InternalST",1
"System.Runtime.Serialization.Formatters.SoapMessage",1
"System.Runtime.Serialization.Formatters.SoapFault",1
"System.Runtime.Serialization.Formatters.ServerFault",1
"System.Runtime.Serialization.Formatters.Binary.BinaryFormatter",1
"System.Runtime.ExceptionServices.ExceptionDispatchInfo",1
"System.Runtime.Remoting.ObjRef",1
"System.Runtime.Remoting.RemotingConfiguration",1
"System.Runtime.Remoting.TypeEntry",1
"System.Runtime.Remoting.RemotingServices",1
"System.Runtime.Remoting.InternalRemotingServices",1
"System.Runtime.Remoting.SoapServices",1
"System.Runtime.Remoting.Metadata.W3cXsd2001.SoapDateTime",1
"System.Runtime.Remoting.Metadata.W3cXsd2001.SoapDuration",1
"System.Runtime.Remoting.Metadata.W3cXsd2001.SoapTime",1
"System.Runtime.Remoting.Metadata.W3cXsd2001.SoapDate",1
"System.Runtime.Remoting.Metadata.W3cXsd2001.SoapYearMonth",1
"System.Runtime.Remoting.Metadata.W3cXsd2001.SoapYear",1
"System.Runtime.Remoting.Metadata.W3cXsd2001.SoapMonthDay",1
"System.Runtime.Remoting.Metadata.W3cXsd2001.SoapDay",1
"System.Runtime.Remoting.Metadata.W3cXsd2001.SoapMonth",1
"System.Runtime.Remoting.Metadata.W3cXsd2001.SoapHexBinary",1
"System.Runtime.Remoting.Metadata.W3cXsd2001.SoapBase64Binary",1
"System.Runtime.Remoting.Metadata.W3cXsd2001.SoapInteger",1
"System.Runtime.Remoting.Metadata.W3cXsd2001.SoapPositiveInteger",1
"System.Runtime.Remoting.Metadata.W3cXsd2001.SoapNonPositiveInteger",1
"System.Runtime.Remoting.Metadata.W3cXsd2001.SoapNonNegativeInteger",1
"System.Runtime.Remoting.Metadata.W3cXsd2001.SoapNegativeInteger",1
"System.Runtime.Remoting.Metadata.W3cXsd2001.SoapAnyUri",1
"System.Runtime.Remoting.Metadata.W3cXsd2001.SoapQName",1
"System.Runtime.Remoting.Metadata.W3cXsd2001.SoapNotation",1
"System.Runtime.Remoting.Metadata.W3cXsd2001.SoapNormalizedString",1
"System.Runtime.Remoting.Metadata.W3cXsd2001.SoapToken",1
"System.Runtime.Remoting.Metadata.W3cXsd2001.SoapLanguage",1
"System.Runtime.Remoting.Metadata.W3cXsd2001.SoapName",1
"System.Runtime.Remoting.Metadata.W3cXsd2001.SoapIdrefs",1
"System.Runtime.Remoting.Metadata.W3cXsd2001.SoapEntities",1
"System.Runtime.Remoting.Metadata.W3cXsd2001.SoapNmtoken",1
"System.Runtime.Remoting.Metadata.W3cXsd2001.SoapNmtokens",1
"System.Runtime.Remoting.Metadata.W3cXsd2001.SoapNcName",1
"System.Runtime.Remoting.Metadata.W3cXsd2001.SoapId",1
"System.Runtime.Remoting.Metadata.W3cXsd2001.SoapIdref",1
"System.Runtime.Remoting.Metadata.W3cXsd2001.SoapEntity",1
"System.Runtime.Remoting.Proxies.RealProxy",1
"System.Runtime.Remoting.Services.EnterpriseServicesHelper",1
"System.Runtime.Remoting.Services.TrackingServices",1
"System.Runtime.Remoting.Contexts.Context",1
"System.Runtime.Remoting.Contexts.ContextProperty",1
"System.Runtime.Remoting.Lifetime.LifetimeServices",1
"System.Runtime.Remoting.Channels.ChannelServices",1
"System.Runtime.Remoting.Channels.ClientChannelSinkStack",1
"System.Runtime.Remoting.Channels.ServerChannelSinkStack",1
"System.Runtime.Remoting.Channels.ChannelDataStore",1
"System.Runtime.Remoting.Channels.TransportHeaders",1
"System.Runtime.Remoting.Channels.SinkProviderData",1
"System.Runtime.Remoting.Channels.BaseChannelObjectWithProperties",1
"System.Runtime.Remoting.Messaging.AsyncResult",1
"System.Runtime.Remoting.Messaging.ReturnMessage",1
"System.Runtime.Remoting.Messaging.MethodCall",1
"System.Runtime.Remoting.Messaging.MethodResponse",1
"System.Runtime.Remoting.Messaging.InternalMessageWrapper",1
"System.Runtime.Remoting.Messaging.RemotingSurrogateSelector",1
"System.Runtime.Remoting.Messaging.Header",1
"System.Runtime.Remoting.Messaging.CallContext",1
"System.Runtime.Remoting.Messaging.LogicalCallContext",1
"System.Runtime.CompilerServices.ContractHelper",1
"System.Runtime.CompilerServices.CallConvCdecl",1
"System.Runtime.CompilerServices.CallConvStdcall",1
"System.Runtime.CompilerServices.CallConvThiscall",1
"System.Runtime.CompilerServices.CallConvFastcall",1
"System.Runtime.CompilerServices.RuntimeHelpers",1
"System.Runtime.CompilerServices.RuntimeFeature",1
"System.Runtime.CompilerServices.IsVolatile",1
"System.Runtime.CompilerServices.CompilerMarshalOverride",1
"System.Runtime.CompilerServices.IsBoxed",1
"System.Runtime.CompilerServices.IsByValue",1
"System.Runtime.CompilerServices.IsConst",1
"System.Runtime.CompilerServices.IsExplicitlyDereferenced",1
"System.Runtime.CompilerServices.IsImplicitlyDereferenced",1
"System.Runtime.CompilerServices.IsJitIntrinsic",1
"System.Runtime.CompilerServices.IsLong",1
"System.Runtime.CompilerServices.IsPinned",1
"System.Runtime.CompilerServices.IsSignUnspecifiedByte",1
"System.Runtime.CompilerServices.IsUdtReturn",1
"System.Runtime.CompilerServices.IsCopyConstructed",1
"System.Runtime.CompilerServices.ConditionalWeakTable<TKey, TValue>",1
"System.Runtime.CompilerServices.FormattableStringFactory",1
"System.Runtime.InteropServices.Marshal",1
"System.Runtime.InteropServices.RuntimeEnvironment",1
"System.Runtime.InteropServices.BStrWrapper",1
"System.Runtime.InteropServices.CurrencyWrapper",1
"System.Runtime.InteropServices.DispatchWrapper",1
"System.Runtime.InteropServices.ErrorWrapper",1
"System.Runtime.InteropServices.UnknownWrapper",1
"System.Runtime.InteropServices.VariantWrapper",1
"System.Runtime.InteropServices.ExtensibleClassFactory",1
"System.Runtime.InteropServices.RegistrationServices",1
"System.Runtime.InteropServices.TypeLibConverter",1
"System.Runtime.InteropServices.RuntimeInformation",1
"System.Runtime.InteropServices.ComEventsHelper",1
"System.Runtime.InteropServices.WindowsRuntime.EventRegistrationTokenTable<T>",1
"System.Runtime.InteropServices.WindowsRuntime.WindowsRuntimeMarshal",1
"System.Runtime.InteropServices.WindowsRuntime.WindowsRuntimeMetadata",1
"System.Runtime.Hosting.ApplicationActivator",1
"System.Text.StringBuilder",1
"System.Text.Decoder",1
"System.Text.DecoderFallback",1
"System.Text.DecoderFallbackBuffer",1
"System.Text.Encoder",1
"System.Text.EncoderFallback",1
"System.Text.EncoderFallbackBuffer",1
"System.Text.Encoding",1
"System.Text.EncodingInfo",1
"System.Text.EncodingProvider",1
"System.TimeZoneInfo.AdjustmentRule",1
"System.Diagnostics.Tracing.FrameworkEventSource.Keywords",1
"System.Diagnostics.Tracing.FrameworkEventSource.Tasks",1
"System.Diagnostics.Tracing.FrameworkEventSource.Opcodes",1
"System.Collections.ObjectModel.ReadOnlyDictionary<TKey, TValue>.KeyCollection<TKey, TValue>",1
"System.Collections.ObjectModel.ReadOnlyDictionary<TKey, TValue>.ValueCollection<TKey, TValue>",1
"System.Collections.Generic.Dictionary<TKey, TValue>.KeyCollection<TKey, TValue>",1
"System.Collections.Generic.Dictionary<TKey, TValue>.ValueCollection<TKey, TValue>",1
"System.Threading.Tasks.TplEtwProvider.Tasks",1
"System.Threading.Tasks.TplEtwProvider.Keywords",1
"System.Object",0
